GAME_ID,GAME_DATE,HOME_TEAM_ID,HOME_TEAM_ABR,HOME_TEAM_PTS,VISITOR_TEAM_ID,VISITOR_TEAM_ABR,VISITOR_TEAM_PTS
0022100001,10/19/2021,1610612749,MIL,127,1610612751,BKN,104
0022100002,10/19/2021,1610612747,LAL,114,1610612744,GSW,121
0022100003,10/20/2021,1610612766,CHA,123,1610612754,IND,122
0022100004,10/20/2021,1610612765,DET,88,1610612741,CHI,94
0022100005,10/20/2021,1610612752,NYK,138,1610612738,BOS,134
0022100006,10/20/2021,1610612761,TOR,83,1610612764,WAS,98
0022100007,10/20/2021,1610612763,MEM,132,1610612739,CLE,121
0022100008,10/20/2021,1610612750,MIN,124,1610612745,HOU,106
0022100009,10/20/2021,1610612740,NOP,97,1610612755,PHI,117
0022100010,10/20/2021,1610612759,SAS,123,1610612753,ORL,97
0022100011,10/20/2021,1610612762,UTA,107,1610612760,OKC,86
0022100012,10/20/2021,1610612756,PHX,98,1610612743,DEN,110
0022100013,10/20/2021,1610612757,POR,121,1610612758,SAC,124
0022100014,10/21/2021,1610612737,ATL,113,1610612742,DAL,87
0022100015,10/21/2021,1610612748,MIA,137,1610612749,MIL,95
0022100016,10/21/2021,1610612744,GSW,115,1610612746,LAC,113
0022100017,10/22/2021,1610612739,CLE,112,1610612766,CHA,123
0022100018,10/22/2021,1610612753,ORL,96,1610612752,NYK,121
0022100019,10/22/2021,1610612764,WAS,135,1610612754,IND,134
0022100020,10/22/2021,1610612738,BOS,83,1610612761,TOR,115
0022100021,10/22/2021,1610612755,PHI,109,1610612751,BKN,114
0022100022,10/22/2021,1610612741,CHI,128,1610612740,NOP,112
0022100023,10/22/2021,1610612745,HOU,124,1610612760,OKC,91
0022100024,10/22/2021,1610612743,DEN,102,1610612759,SAS,96
0022100025,10/22/2021,1610612747,LAL,105,1610612756,PHX,115
0022100026,10/22/2021,1610612758,SAC,101,1610612762,UTA,110
0022100027,10/23/2021,1610612739,CLE,101,1610612737,ATL,95
0022100028,10/23/2021,1610612754,IND,102,1610612748,MIA,91
0022100029,10/23/2021,1610612761,TOR,95,1610612742,DAL,103
0022100030,10/23/2021,1610612741,CHI,97,1610612765,DET,82
0022100031,10/23/2021,1610612750,MIN,96,1610612740,NOP,89
0022100032,10/23/2021,1610612759,SAS,111,1610612749,MIL,121
0022100033,10/23/2021,1610612757,POR,134,1610612756,PHX,105
0022100034,10/23/2021,1610612746,LAC,114,1610612763,MEM,120
0022100035,10/24/2021,1610612751,BKN,95,1610612766,CHA,111
0022100036,10/24/2021,1610612752,NYK,104,1610612753,ORL,110
0022100037,10/24/2021,1610612745,HOU,97,1610612738,BOS,107
0022100038,10/24/2021,1610612760,OKC,103,1610612755,PHI,115
0022100039,10/24/2021,1610612758,SAC,107,1610612744,GSW,119
0022100040,10/24/2021,1610612747,LAL,121,1610612763,MEM,118
0022100041,10/25/2021,1610612766,CHA,129,1610612738,BOS,140
0022100042,10/25/2021,1610612754,IND,109,1610612749,MIL,119
0022100043,10/25/2021,1610612737,ATL,122,1610612765,DET,104
0022100044,10/25/2021,1610612751,BKN,104,1610612764,WAS,90
0022100045,10/25/2021,1610612748,MIA,107,1610612753,ORL,90
0022100046,10/25/2021,1610612761,TOR,108,1610612741,CHI,111
0022100047,10/25/2021,1610612750,MIN,98,1610612740,NOP,107
0022100048,10/25/2021,1610612743,DEN,87,1610612739,CLE,99
0022100049,10/25/2021,1610612746,LAC,116,1610612757,POR,86
0022100050,10/26/2021,1610612752,NYK,112,1610612755,PHI,99
0022100051,10/26/2021,1610612760,OKC,98,1610612744,GSW,106
0022100052,10/26/2021,1610612742,DAL,116,1610612745,HOU,106
0022100053,10/26/2021,1610612759,SAS,121,1610612747,LAL,125
0022100054,10/26/2021,1610612762,UTA,122,1610612743,DEN,110
0022100055,10/27/2021,1610612753,ORL,111,1610612766,CHA,120
0022100056,10/27/2021,1610612738,BOS,107,1610612764,WAS,116
0022100057,10/27/2021,1610612751,BKN,93,1610612748,MIA,106
0022100058,10/27/2021,1610612761,TOR,118,1610612754,IND,100
0022100059,10/27/2021,1610612740,NOP,99,1610612737,ATL,102
0022100060,10/27/2021,1610612749,MIL,108,1610612750,MIN,113
0022100061,10/27/2021,1610612760,OKC,123,1610612747,LAL,115
0022100062,10/27/2021,1610612756,PHX,107,1610612758,SAC,110
0022100063,10/27/2021,1610612757,POR,116,1610612763,MEM,96
0022100064,10/27/2021,1610612746,LAC,79,1610612739,CLE,92
0022100065,10/28/2021,1610612755,PHI,110,1610612765,DET,102
0022100066,10/28/2021,1610612764,WAS,122,1610612737,ATL,111
0022100067,10/28/2021,1610612741,CHI,103,1610612752,NYK,104
0022100068,10/28/2021,1610612745,HOU,91,1610612762,UTA,122
0022100069,10/28/2021,1610612742,DAL,104,1610612759,SAS,99
0022100070,10/28/2021,1610612744,GSW,101,1610612763,MEM,104
0022100071,10/29/2021,1610612761,TOR,110,1610612753,ORL,109
0022100072,10/29/2021,1610612751,BKN,105,1610612754,IND,98
0022100073,10/29/2021,1610612748,MIA,114,1610612766,CHA,99
0022100074,10/29/2021,1610612740,NOP,109,1610612758,SAC,113
0022100075,10/29/2021,1610612743,DEN,106,1610612742,DAL,75
0022100076,10/29/2021,1610612757,POR,111,1610612746,LAC,92
0022100077,10/29/2021,1610612747,LAL,113,1610612739,CLE,101
0022100078,10/30/2021,1610612764,WAS,115,1610612738,BOS,112
0022100079,10/30/2021,1610612765,DET,110,1610612753,ORL,103
0022100080,10/30/2021,1610612740,NOP,117,1610612752,NYK,123
0022100081,10/30/2021,1610612754,IND,94,1610612761,TOR,97
0022100082,10/30/2021,1610612755,PHI,122,1610612737,ATL,94
0022100083,10/30/2021,1610612741,CHI,107,1610612762,UTA,99
0022100084,10/30/2021,1610612763,MEM,103,1610612748,MIA,129
0022100085,10/30/2021,1610612749,MIL,93,1610612759,SAS,102
0022100086,10/30/2021,1610612744,GSW,103,1610612760,OKC,82
0022100087,10/30/2021,1610612750,MIN,91,1610612743,DEN,93
0022100088,10/30/2021,1610612756,PHX,101,1610612739,CLE,92
0022100089,10/31/2021,1610612742,DAL,105,1610612758,SAC,99
0022100090,10/31/2021,1610612766,CHA,125,1610612757,POR,113
0022100091,10/31/2021,1610612749,MIL,95,1610612762,UTA,107
0022100092,10/31/2021,1610612751,BKN,117,1610612765,DET,91
0022100093,10/31/2021,1610612747,LAL,95,1610612745,HOU,85
0022100094,11/01/2021,1610612766,CHA,110,1610612739,CLE,113
0022100095,11/01/2021,1610612754,IND,131,1610612759,SAS,118
0022100096,11/01/2021,1610612755,PHI,113,1610612757,POR,103
0022100097,11/01/2021,1610612737,ATL,118,1610612764,WAS,111
0022100098,11/01/2021,1610612738,BOS,114,1610612741,CHI,128
0022100099,11/01/2021,1610612752,NYK,104,1610612761,TOR,113
0022100100,11/01/2021,1610612763,MEM,106,1610612743,DEN,97
0022100101,11/01/2021,1610612750,MIN,97,1610612753,ORL,115
0022100102,11/01/2021,1610612746,LAC,99,1610612760,OKC,94
0022100103,11/02/2021,1610612765,DET,89,1610612749,MIL,117
0022100104,11/02/2021,1610612742,DAL,110,1610612748,MIA,125
0022100105,11/02/2021,1610612762,UTA,119,1610612758,SAC,113
0022100106,11/02/2021,1610612756,PHX,112,1610612740,NOP,100
0022100107,11/02/2021,1610612747,LAL,119,1610612745,HOU,117
0022100108,11/03/2021,1610612739,CLE,107,1610612757,POR,104
0022100109,11/03/2021,1610612754,IND,111,1610612752,NYK,98
0022100110,11/03/2021,1610612753,ORL,79,1610612738,BOS,92
0022100111,11/03/2021,1610612755,PHI,103,1610612741,CHI,98
0022100112,11/03/2021,1610612764,WAS,100,1610612761,TOR,109
0022100113,11/03/2021,1610612751,BKN,117,1610612737,ATL,108
0022100114,11/03/2021,1610612763,MEM,108,1610612743,DEN,106
0022100115,11/03/2021,1610612750,MIN,115,1610612746,LAC,126
0022100116,11/03/2021,1610612759,SAS,108,1610612742,DAL,109
0022100117,11/03/2021,1610612744,GSW,114,1610612766,CHA,92
0022100118,11/03/2021,1610612758,SAC,112,1610612740,NOP,99
0022100119,11/04/2021,1610612765,DET,98,1610612755,PHI,109
0022100120,11/04/2021,1610612737,ATL,98,1610612762,UTA,116
0022100121,11/04/2021,1610612748,MIA,78,1610612738,BOS,95
0022100122,11/04/2021,1610612756,PHX,123,1610612745,HOU,111
0022100123,11/04/2021,1610612747,LAL,104,1610612760,OKC,107
0022100124,11/05/2021,1610612765,DET,90,1610612751,BKN,96
0022100125,11/05/2021,1610612753,ORL,89,1610612759,SAS,102
0022100126,11/05/2021,1610612764,WAS,115,1610612763,MEM,87
0022100127,11/05/2021,1610612761,TOR,101,1610612739,CLE,102
0022100128,11/05/2021,1610612749,MIL,98,1610612752,NYK,113
0022100129,11/05/2021,1610612750,MIN,84,1610612746,LAC,104
0022100130,11/05/2021,1610612744,GSW,126,1610612740,NOP,85
0022100131,11/05/2021,1610612757,POR,110,1610612754,IND,106
0022100132,11/05/2021,1610612758,SAC,140,1610612766,CHA,110
0022100133,11/06/2021,1610612743,DEN,95,1610612745,HOU,94
0022100134,11/06/2021,1610612748,MIA,118,1610612762,UTA,115
0022100135,11/06/2021,1610612741,CHI,105,1610612755,PHI,114
0022100136,11/06/2021,1610612742,DAL,107,1610612738,BOS,104
0022100137,11/06/2021,1610612756,PHX,121,1610612737,ATL,117
0022100138,11/06/2021,1610612757,POR,105,1610612747,LAL,90
0022100139,11/07/2021,1610612761,TOR,103,1610612751,BKN,116
0022100140,11/07/2021,1610612752,NYK,109,1610612739,CLE,126
0022100141,11/07/2021,1610612753,ORL,107,1610612762,UTA,100
0022100142,11/07/2021,1610612764,WAS,101,1610612749,MIL,94
0022100143,11/07/2021,1610612758,SAC,91,1610612754,IND,94
0022100144,11/07/2021,1610612760,OKC,99,1610612759,SAS,94
0022100145,11/07/2021,1610612744,GSW,120,1610612745,HOU,107
0022100146,11/07/2021,1610612746,LAC,120,1610612766,CHA,106
0022100147,11/08/2021,1610612755,PHI,96,1610612752,NYK,103
0022100148,11/08/2021,1610612741,CHI,118,1610612751,BKN,95
0022100149,11/08/2021,1610612763,MEM,125,1610612750,MIN,118
0022100150,11/08/2021,1610612742,DAL,108,1610612740,NOP,92
0022100151,11/08/2021,1610612743,DEN,113,1610612748,MIA,96
0022100152,11/08/2021,1610612744,GSW,127,1610612737,ATL,113
0022100153,11/08/2021,1610612758,SAC,104,1610612756,PHX,109
0022100154,11/08/2021,1610612747,LAL,126,1610612766,CHA,123
0022100155,11/09/2021,1610612755,PHI,109,1610612749,MIL,118
0022100156,11/09/2021,1610612762,UTA,110,1610612737,ATL,98
0022100157,11/09/2021,1610612746,LAC,117,1610612757,POR,109
0022100158,11/10/2021,1610612739,CLE,94,1610612764,WAS,97
0022100159,11/10/2021,1610612753,ORL,90,1610612751,BKN,123
0022100160,11/10/2021,1610612738,BOS,104,1610612761,TOR,88
0022100161,11/10/2021,1610612752,NYK,100,1610612749,MIL,112
0022100162,11/10/2021,1610612745,HOU,104,1610612765,DET,112
0022100163,11/10/2021,1610612741,CHI,117,1610612742,DAL,107
0022100164,11/10/2021,1610612763,MEM,108,1610612766,CHA,118
0022100165,11/10/2021,1610612740,NOP,100,1610612760,OKC,108
0022100166,11/10/2021,1610612759,SAS,136,1610612758,SAC,117
0022100167,11/10/2021,1610612743,DEN,101,1610612754,IND,98
0022100168,11/10/2021,1610612756,PHX,119,1610612757,POR,109
0022100169,11/10/2021,1610612744,GSW,123,1610612750,MIN,110
0022100170,11/10/2021,1610612747,LAL,120,1610612748,MIA,117
0022100171,11/11/2021,1610612755,PHI,109,1610612761,TOR,115
0022100172,11/11/2021,1610612762,UTA,100,1610612754,IND,111
0022100173,11/11/2021,1610612746,LAC,112,1610612748,MIA,109
0022100174,11/12/2021,1610612766,CHA,104,1610612752,NYK,96
0022100175,11/12/2021,1610612738,BOS,122,1610612749,MIL,113
0022100176,11/12/2021,1610612739,CLE,98,1610612765,DET,78
0022100177,11/12/2021,1610612745,HOU,92,1610612757,POR,104
0022100178,11/12/2021,1610612763,MEM,94,1610612756,PHX,119
0022100179,11/12/2021,1610612740,NOP,112,1610612751,BKN,120
0022100180,11/12/2021,1610612760,OKC,105,1610612758,SAC,103
0022100181,11/12/2021,1610612759,SAS,109,1610612742,DAL,123
0022100182,11/12/2021,1610612743,DEN,105,1610612737,ATL,96
0022100183,11/12/2021,1610612744,GSW,119,1610612741,CHI,93
0022100184,11/12/2021,1610612747,LAL,83,1610612750,MIN,107
0022100185,11/13/2021,1610612762,UTA,105,1610612748,MIA,111
0022100186,11/13/2021,1610612754,IND,118,1610612755,PHI,113
0022100187,11/13/2021,1610612753,ORL,92,1610612764,WAS,104
0022100188,11/13/2021,1610612740,NOP,112,1610612763,MEM,101
0022100189,11/13/2021,1610612761,TOR,121,1610612765,DET,127
0022100190,11/13/2021,1610612739,CLE,91,1610612738,BOS,89
0022100191,11/13/2021,1610612746,LAC,129,1610612750,MIN,102
0022100192,11/14/2021,1610612747,LAL,114,1610612759,SAS,106
0022100193,11/14/2021,1610612737,ATL,120,1610612749,MIL,100
0022100194,11/14/2021,1610612766,CHA,106,1610612744,GSW,102
0022100195,11/14/2021,1610612745,HOU,89,1610612756,PHX,115
0022100196,11/14/2021,1610612760,OKC,96,1610612751,BKN,120
0022100197,11/14/2021,1610612743,DEN,124,1610612757,POR,95
0022100198,11/14/2021,1610612746,LAC,90,1610612741,CHI,100
0022100199,11/15/2021,1610612739,CLE,92,1610612738,BOS,98
0022100200,11/15/2021,1610612765,DET,107,1610612758,SAC,129
0022100201,11/15/2021,1610612764,WAS,105,1610612740,NOP,100
0022100202,11/15/2021,1610612737,ATL,129,1610612753,ORL,111
0022100203,11/15/2021,1610612752,NYK,92,1610612754,IND,84
0022100204,11/15/2021,1610612742,DAL,111,1610612743,DEN,101
0022100205,11/15/2021,1610612763,MEM,136,1610612745,HOU,102
0022100206,11/15/2021,1610612750,MIN,96,1610612756,PHX,99
0022100207,11/15/2021,1610612760,OKC,90,1610612748,MIA,103
0022100208,11/15/2021,1610612757,POR,118,1610612761,TOR,113
0022100209,11/15/2021,1610612747,LAL,103,1610612741,CHI,121
0022100210,11/16/2021,1610612751,BKN,99,1610612744,GSW,117
0022100211,11/16/2021,1610612762,UTA,120,1610612755,PHI,85
0022100212,11/16/2021,1610612746,LAC,106,1610612759,SAS,92
0022100213,11/17/2021,1610612766,CHA,97,1610612764,WAS,87
0022100214,11/17/2021,1610612765,DET,97,1610612754,IND,89
0022100215,11/17/2021,1610612737,ATL,110,1610612738,BOS,99
0022100216,11/17/2021,1610612751,BKN,109,1610612739,CLE,99
0022100217,11/17/2021,1610612748,MIA,113,1610612740,NOP,98
0022100218,11/17/2021,1610612752,NYK,98,1610612753,ORL,104
0022100219,11/17/2021,1610612749,MIL,109,1610612747,LAL,102
0022100220,11/17/2021,1610612750,MIN,107,1610612758,SAC,97
0022100221,11/17/2021,1610612760,OKC,101,1610612745,HOU,89
0022100222,11/17/2021,1610612756,PHX,105,1610612742,DAL,98
0022100223,11/17/2021,1610612757,POR,112,1610612741,CHI,107
0022100224,11/18/2021,1610612739,CLE,89,1610612744,GSW,104
0022100225,11/18/2021,1610612748,MIA,112,1610612764,WAS,97
0022100226,11/18/2021,1610612763,MEM,120,1610612746,LAC,108
0022100227,11/18/2021,1610612750,MIN,115,1610612759,SAS,90
0022100228,11/18/2021,1610612743,DEN,89,1610612755,PHI,103
0022100229,11/18/2021,1610612762,UTA,119,1610612761,TOR,103
0022100230,11/19/2021,1610612766,CHA,121,1610612754,IND,118
0022100231,11/19/2021,1610612765,DET,102,1610612744,GSW,105
0022100232,11/19/2021,1610612738,BOS,130,1610612747,LAL,108
0022100233,11/19/2021,1610612751,BKN,115,1610612753,ORL,113
0022100234,11/19/2021,1610612749,MIL,96,1610612760,OKC,89
0022100235,11/19/2021,1610612740,NOP,94,1610612746,LAC,81
0022100236,11/19/2021,1610612743,DEN,108,1610612741,CHI,114
0022100237,11/19/2021,1610612756,PHX,112,1610612742,DAL,104
0022100238,11/19/2021,1610612758,SAC,89,1610612761,TOR,108
0022100239,11/20/2021,1610612752,NYK,106,1610612745,HOU,99
0022100240,11/20/2021,1610612754,IND,111,1610612740,NOP,94
0022100241,11/20/2021,1610612764,WAS,103,1610612748,MIA,100
0022100242,11/20/2021,1610612737,ATL,115,1610612766,CHA,105
0022100243,11/20/2021,1610612738,BOS,111,1610612760,OKC,105
0022100244,11/20/2021,1610612749,MIL,117,1610612753,ORL,108
0022100245,11/20/2021,1610612750,MIN,138,1610612763,MEM,95
0022100246,11/20/2021,1610612757,POR,118,1610612755,PHI,111
0022100247,11/20/2021,1610612758,SAC,105,1610612762,UTA,123
0022100248,11/21/2021,1610612746,LAC,97,1610612742,DAL,91
0022100249,11/21/2021,1610612765,DET,116,1610612747,LAL,121
0022100250,11/21/2021,1610612741,CHI,109,1610612752,NYK,103
0022100251,11/21/2021,1610612756,PHX,126,1610612743,DEN,97
0022100252,11/21/2021,1610612744,GSW,119,1610612761,TOR,104
0022100253,11/22/2021,1610612739,CLE,112,1610612751,BKN,117
0022100254,11/22/2021,1610612764,WAS,103,1610612766,CHA,109
0022100255,11/22/2021,1610612737,ATL,113,1610612760,OKC,101
0022100256,11/22/2021,1610612738,BOS,108,1610612745,HOU,90
0022100257,11/22/2021,1610612741,CHI,77,1610612754,IND,109
0022100258,11/22/2021,1610612749,MIL,123,1610612753,ORL,92
0022100259,11/22/2021,1610612740,NOP,96,1610612750,MIN,110
0022100260,11/22/2021,1610612759,SAS,111,1610612756,PHX,115
0022100261,11/22/2021,1610612762,UTA,118,1610612763,MEM,119
0022100262,11/22/2021,1610612758,SAC,94,1610612755,PHI,102
0022100263,11/23/2021,1610612765,DET,92,1610612748,MIA,100
0022100264,11/23/2021,1610612752,NYK,106,1610612747,LAL,100
0022100265,11/23/2021,1610612757,POR,119,1610612743,DEN,100
0022100266,11/23/2021,1610612746,LAC,104,1610612742,DAL,112
0022100267,11/24/2021,1610612739,CLE,115,1610612756,PHX,120
0022100268,11/24/2021,1610612754,IND,116,1610612747,LAL,124
0022100269,11/24/2021,1610612753,ORL,99,1610612766,CHA,106
0022100270,11/24/2021,1610612738,BOS,104,1610612751,BKN,123
0022100271,11/24/2021,1610612745,HOU,118,1610612741,CHI,113
0022100272,11/24/2021,1610612763,MEM,113,1610612761,TOR,126
0022100273,11/24/2021,1610612749,MIL,114,1610612765,DET,93
0022100274,11/24/2021,1610612750,MIN,113,1610612748,MIA,101
0022100275,11/24/2021,1610612740,NOP,127,1610612764,WAS,102
0022100276,11/24/2021,1610612760,OKC,104,1610612762,UTA,110
0022100277,11/24/2021,1610612759,SAS,106,1610612737,ATL,124
0022100278,11/24/2021,1610612744,GSW,116,1610612755,PHI,96
0022100279,11/24/2021,1610612758,SAC,125,1610612757,POR,121
0022100280,11/26/2021,1610612746,LAC,107,1610612765,DET,96
0022100281,11/26/2021,1610612766,CHA,133,1610612750,MIN,115
0022100282,11/26/2021,1610612752,NYK,97,1610612756,PHX,118
0022100283,11/26/2021,1610612753,ORL,88,1610612741,CHI,123
0022100284,11/26/2021,1610612754,IND,114,1610612761,TOR,97
0022100285,11/26/2021,1610612763,MEM,100,1610612737,ATL,132
0022100286,11/26/2021,1610612760,OKC,99,1610612764,WAS,101
0022100287,11/26/2021,1610612759,SAS,96,1610612738,BOS,88
0022100288,11/26/2021,1610612743,DEN,109,1610612749,MIL,120
0022100289,11/26/2021,1610612762,UTA,97,1610612740,NOP,98
0022100290,11/26/2021,1610612744,GSW,118,1610612757,POR,103
0022100291,11/26/2021,1610612747,LAL,137,1610612758,SAC,141
0022100292,11/27/2021,1610612755,PHI,120,1610612750,MIN,121
0022100293,11/27/2021,1610612737,ATL,90,1610612752,NYK,99
0022100294,11/27/2021,1610612751,BKN,107,1610612756,PHX,113
0022100295,11/27/2021,1610612739,CLE,105,1610612753,ORL,92
0022100296,11/27/2021,1610612741,CHI,104,1610612748,MIA,107
0022100297,11/27/2021,1610612745,HOU,146,1610612766,CHA,143
0022100298,11/27/2021,1610612742,DAL,114,1610612764,WAS,120
0022100299,11/27/2021,1610612762,UTA,127,1610612740,NOP,105
0022100300,11/28/2021,1610612746,LAC,90,1610612744,GSW,105
0022100301,11/28/2021,1610612754,IND,100,1610612749,MIL,118
0022100302,11/28/2021,1610612761,TOR,97,1610612738,BOS,109
0022100303,11/28/2021,1610612763,MEM,128,1610612758,SAC,101
0022100304,11/28/2021,1610612747,LAL,110,1610612765,DET,106
0022100305,11/29/2021,1610612755,PHI,101,1610612753,ORL,96
0022100306,11/29/2021,1610612748,MIA,111,1610612743,DEN,120
0022100307,11/29/2021,1610612741,CHI,133,1610612766,CHA,119
0022100308,11/29/2021,1610612745,HOU,102,1610612760,OKC,89
0022100309,11/29/2021,1610612750,MIN,100,1610612754,IND,98
0022100310,11/29/2021,1610612742,DAL,96,1610612739,CLE,114
0022100311,11/29/2021,1610612759,SAS,116,1610612764,WAS,99
0022100312,11/29/2021,1610612762,UTA,129,1610612757,POR,107
0022100313,11/29/2021,1610612746,LAC,104,1610612740,NOP,123
0022100314,11/30/2021,1610612751,BKN,112,1610612752,NYK,110
0022100315,11/30/2021,1610612761,TOR,91,1610612763,MEM,98
0022100316,11/30/2021,1610612756,PHX,104,1610612744,GSW,96
0022100317,11/30/2021,1610612757,POR,110,1610612765,DET,92
0022100318,11/30/2021,1610612758,SAC,92,1610612747,LAL,117
0022100319,12/01/2021,1610612754,IND,111,1610612737,ATL,114
0022100320,12/01/2021,1610612753,ORL,108,1610612743,DEN,103
0022100321,12/01/2021,1610612764,WAS,115,1610612750,MIN,107
0022100322,12/01/2021,1610612738,BOS,88,1610612755,PHI,87
0022100323,12/01/2021,1610612748,MIA,85,1610612739,CLE,111
0022100324,12/01/2021,1610612749,MIL,127,1610612766,CHA,125
0022100325,12/01/2021,1610612740,NOP,107,1610612742,DAL,139
0022100326,12/01/2021,1610612760,OKC,110,1610612745,HOU,114
0022100327,12/01/2021,1610612746,LAC,115,1610612758,SAC,124
0022100328,12/02/2021,1610612752,NYK,115,1610612741,CHI,119
0022100329,12/02/2021,1610612761,TOR,97,1610612749,MIL,93
0022100330,12/02/2021,1610612763,MEM,152,1610612760,OKC,79
0022100331,12/02/2021,1610612756,PHX,114,1610612765,DET,103
0022100332,12/02/2021,1610612757,POR,83,1610612759,SAS,114
0022100333,12/03/2021,1610612754,IND,104,1610612748,MIA,113
0022100334,12/03/2021,1610612764,WAS,101,1610612739,CLE,116
0022100335,12/03/2021,1610612737,ATL,96,1610612755,PHI,98
0022100336,12/03/2021,1610612751,BKN,110,1610612750,MIN,105
0022100337,12/03/2021,1610612745,HOU,118,1610612753,ORL,116
0022100338,12/03/2021,1610612742,DAL,91,1610612740,NOP,107
0022100339,12/03/2021,1610612762,UTA,137,1610612738,BOS,130
0022100340,12/03/2021,1610612744,GSW,118,1610612756,PHX,96
0022100341,12/03/2021,1610612747,LAL,115,1610612746,LAC,119
0022100342,12/04/2021,1610612752,NYK,99,1610612743,DEN,113
0022100343,12/04/2021,1610612751,BKN,107,1610612741,CHI,111
0022100344,12/04/2021,1610612749,MIL,124,1610612748,MIA,102
0022100345,12/04/2021,1610612742,DAL,90,1610612763,MEM,97
0022100346,12/04/2021,1610612744,GSW,107,1610612759,SAS,112
0022100347,12/04/2021,1610612757,POR,117,1610612738,BOS,145
0022100348,12/04/2021,1610612758,SAC,104,1610612746,LAC,99
0022100349,12/05/2021,1610612739,CLE,108,1610612762,UTA,109
0022100350,12/05/2021,1610612737,ATL,127,1610612766,CHA,130
0022100351,12/05/2021,1610612761,TOR,102,1610612764,WAS,90
0022100352,12/05/2021,1610612745,HOU,118,1610612740,NOP,108
0022100353,12/06/2021,1610612766,CHA,124,1610612755,PHI,127
0022100354,12/06/2021,1610612765,DET,103,1610612760,OKC,114
0022100355,12/06/2021,1610612754,IND,116,1610612764,WAS,110
0022100356,12/06/2021,1610612748,MIA,90,1610612763,MEM,105
0022100357,12/06/2021,1610612741,CHI,109,1610612743,DEN,97
0022100358,12/06/2021,1610612749,MIL,112,1610612739,CLE,104
0022100359,12/06/2021,1610612750,MIN,110,1610612737,ATL,121
0022100360,12/06/2021,1610612756,PHX,108,1610612759,SAS,104
0022100361,12/06/2021,1610612744,GSW,126,1610612753,ORL,95
0022100362,12/06/2021,1610612757,POR,90,1610612746,LAC,102
0022100363,12/07/2021,1610612742,DAL,99,1610612751,BKN,102
0022100364,12/07/2021,1610612759,SAS,109,1610612752,NYK,121
0022100365,12/07/2021,1610612747,LAL,117,1610612738,BOS,102
0022100366,12/08/2021,1610612766,CHA,106,1610612755,PHI,110
0022100367,12/08/2021,1610612739,CLE,115,1610612741,CHI,92
0022100368,12/08/2021,1610612765,DET,116,1610612764,WAS,119
0022100369,12/08/2021,1610612754,IND,122,1610612752,NYK,102
0022100370,12/08/2021,1610612748,MIA,113,1610612749,MIL,104
0022100371,12/08/2021,1610612761,TOR,109,1610612760,OKC,110
0022100372,12/08/2021,1610612745,HOU,114,1610612751,BKN,104
0022100373,12/08/2021,1610612763,MEM,96,1610612742,DAL,104
0022100374,12/08/2021,1610612750,MIN,104,1610612762,UTA,136
0022100375,12/08/2021,1610612740,NOP,114,1610612743,DEN,120
0022100376,12/08/2021,1610612744,GSW,104,1610612757,POR,94
0022100377,12/08/2021,1610612758,SAC,142,1610612753,ORL,130
0022100378,12/08/2021,1610612746,LAC,114,1610612738,BOS,111
0022100379,12/09/2021,1610612755,PHI,96,1610612762,UTA,118
0022100380,12/09/2021,1610612763,MEM,108,1610612747,LAL,95
0022100381,12/09/2021,1610612759,SAS,123,1610612743,DEN,111
0022100382,12/10/2021,1610612766,CHA,124,1610612758,SAC,123
0022100383,12/10/2021,1610612754,IND,106,1610612742,DAL,93
0022100384,12/10/2021,1610612737,ATL,105,1610612751,BKN,113
0022100385,12/10/2021,1610612761,TOR,90,1610612752,NYK,87
0022100386,12/10/2021,1610612745,HOU,114,1610612749,MIL,123
0022100387,12/10/2021,1610612750,MIN,106,1610612739,CLE,123
0022100388,12/10/2021,1610612740,NOP,109,1610612765,DET,93
0022100389,12/10/2021,1610612760,OKC,95,1610612747,LAL,116
0022100390,12/10/2021,1610612756,PHX,111,1610612738,BOS,90
0022100391,12/11/2021,1610612746,LAC,106,1610612753,ORL,104
0022100392,12/11/2021,1610612764,WAS,98,1610612762,UTA,123
0022100393,12/11/2021,1610612739,CLE,117,1610612758,SAC,103
0022100394,12/11/2021,1610612748,MIA,118,1610612741,CHI,92
0022100395,12/11/2021,1610612763,MEM,113,1610612745,HOU,106
0022100396,12/11/2021,1610612755,PHI,102,1610612744,GSW,93
0022100397,12/11/2021,1610612759,SAS,112,1610612743,DEN,127
0022100398,12/12/2021,1610612752,NYK,97,1610612749,MIL,112
0022100399,12/12/2021,1610612765,DET,104,1610612751,BKN,116
0022100400,12/12/2021,1610612760,OKC,84,1610612742,DAL,103
0022100401,12/12/2021,1610612759,SAS,112,1610612740,NOP,97
0022100402,12/12/2021,1610612757,POR,111,1610612750,MIN,116
0022100403,12/12/2021,1610612747,LAL,106,1610612753,ORL,94
0022100404,12/13/2021,1610612739,CLE,105,1610612748,MIA,94
0022100405,12/13/2021,1610612754,IND,100,1610612744,GSW,102
0022100406,12/13/2021,1610612761,TOR,124,1610612758,SAC,101
0022100407,12/13/2021,1610612737,ATL,126,1610612745,HOU,132
0022100408,12/13/2021,1610612738,BOS,117,1610612749,MIL,103
0022100409,12/13/2021,1610612763,MEM,126,1610612755,PHI,91
0022100410,12/13/2021,1610612742,DAL,120,1610612766,CHA,96
0022100411,12/13/2021,1610612743,DEN,113,1610612764,WAS,107
0022100412,12/13/2021,1610612746,LAC,111,1610612756,PHX,95
0022100413,12/14/2021,1610612751,BKN,131,1610612761,TOR,129
0022100414,12/14/2021,1610612752,NYK,96,1610612744,GSW,105
0022100415,01/11/2022,1610612741,CHI,133,1610612765,DET,87
0022100416,12/14/2021,1610612757,POR,107,1610612756,PHX,111
0022100417,12/15/2021,1610612739,CLE,124,1610612745,HOU,89
0022100418,12/15/2021,1610612753,ORL,99,1610612737,ATL,111
0022100419,12/15/2021,1610612755,PHI,96,1610612748,MIA,101
0022100420,12/15/2021,1610612742,DAL,104,1610612747,LAL,107
0022100421,12/15/2021,1610612749,MIL,114,1610612754,IND,99
0022100422,12/15/2021,1610612760,OKC,110,1610612740,NOP,113
0022100423,12/15/2021,1610612759,SAS,115,1610612766,CHA,131
0022100424,12/15/2021,1610612743,DEN,107,1610612750,MIN,124
0022100425,12/15/2021,1610612762,UTA,124,1610612746,LAC,103
0022100426,12/15/2021,1610612757,POR,103,1610612763,MEM,113
0022100427,12/15/2021,1610612758,SAC,119,1610612764,WAS,105
0022100428,12/16/2021,1610612754,IND,122,1610612765,DET,113
0022100429,12/16/2021,1610612751,BKN,114,1610612755,PHI,105
0022100430,02/03/2022,1610612761,TOR,127,1610612741,CHI,120
0022100431,12/16/2021,1610612745,HOU,103,1610612752,NYK,116
0022100432,12/16/2021,1610612756,PHX,118,1610612764,WAS,98
0022100433,12/17/2021,1610612753,ORL,105,1610612748,MIA,115
0022100434,12/17/2021,1610612737,ATL,115,1610612743,DEN,133
0022100435,12/17/2021,1610612738,BOS,107,1610612744,GSW,111
0022100436,12/17/2021,1610612750,MIN,110,1610612747,LAL,92
0022100437,12/17/2021,1610612762,UTA,126,1610612759,SAS,128
0022100438,12/17/2021,1610612740,NOP,116,1610612749,MIL,112
0022100439,12/17/2021,1610612757,POR,125,1610612766,CHA,116
0022100440,12/17/2021,1610612758,SAC,105,1610612763,MEM,124
0022100441,12/18/2021,1610612765,DET,107,1610612745,HOU,116
0022100442,12/18/2021,1610612751,BKN,93,1610612753,ORL,100
0022100443,12/18/2021,1610612761,TOR,119,1610612744,GSW,100
0022100444,12/18/2021,1610612760,OKC,104,1610612746,LAC,103
0022100445,12/18/2021,1610612738,BOS,114,1610612752,NYK,107
0022100446,12/18/2021,1610612749,MIL,90,1610612739,CLE,119
0022100447,12/18/2021,1610612762,UTA,103,1610612764,WAS,109
0022100448,12/19/2021,1610612741,CHI,115,1610612747,LAL,110
0022100449,12/19/2021,1610612765,DET,100,1610612748,MIA,90
0022100450,12/19/2021,1610612763,MEM,100,1610612757,POR,105
0022100451,12/19/2021,1610612758,SAC,121,1610612759,SAS,114
0022100452,03/31/2022,1610612737,ATL,131,1610612739,CLE,107
0022100453,01/26/2022,1610612751,BKN,118,1610612743,DEN,124
0022100454,01/25/2022,1610612755,PHI,117,1610612740,NOP,107
0022100455,12/19/2021,1610612750,MIN,111,1610612742,DAL,105
0022100456,12/19/2021,1610612756,PHX,137,1610612766,CHA,106
0022100457,12/20/2021,1610612738,BOS,103,1610612755,PHI,108
0022100458,03/04/2022,1610612761,TOR,97,1610612753,ORL,103
0022100459,12/20/2021,1610612741,CHI,133,1610612745,HOU,118
0022100460,12/20/2021,1610612763,MEM,99,1610612760,OKC,102
0022100461,12/20/2021,1610612762,UTA,112,1610612766,CHA,102
0022100462,12/20/2021,1610612744,GSW,113,1610612758,SAC,98
0022100463,12/20/2021,1610612746,LAC,92,1610612759,SAS,116
0022100464,02/17/2022,1610612751,BKN,103,1610612764,WAS,117
0022100465,12/21/2021,1610612748,MIA,125,1610612754,IND,96
0022100466,12/21/2021,1610612752,NYK,105,1610612765,DET,91
0022100467,12/21/2021,1610612740,NOP,111,1610612757,POR,97
0022100468,12/21/2021,1610612742,DAL,114,1610612750,MIN,102
0022100469,12/21/2021,1610612747,LAL,90,1610612756,PHX,108
0022100470,12/22/2021,1610612737,ATL,98,1610612753,ORL,104
0022100471,12/22/2021,1610612738,BOS,111,1610612739,CLE,101
0022100472,01/26/2022,1610612741,CHI,111,1610612761,TOR,105
0022100473,12/22/2021,1610612749,MIL,126,1610612745,HOU,106
0022100474,12/22/2021,1610612760,OKC,108,1610612743,DEN,94
0022100475,12/22/2021,1610612758,SAC,89,1610612746,LAC,105
0022100476,12/23/2021,1610612754,IND,118,1610612745,HOU,106
0022100477,12/23/2021,1610612753,ORL,104,1610612740,NOP,110
0022100478,12/23/2021,1610612755,PHI,96,1610612737,ATL,98
0022100479,12/23/2021,1610612748,MIA,115,1610612765,DET,112
0022100480,12/23/2021,1610612752,NYK,117,1610612764,WAS,124
0022100481,12/23/2021,1610612742,DAL,95,1610612749,MIL,102
0022100482,12/23/2021,1610612743,DEN,107,1610612766,CHA,115
0022100483,12/23/2021,1610612756,PHX,113,1610612760,OKC,101
0022100484,12/23/2021,1610612762,UTA,128,1610612750,MIN,116
0022100485,12/23/2021,1610612744,GSW,113,1610612763,MEM,104
0022100486,01/10/2022,1610612757,POR,114,1610612751,BKN,108
0022100487,12/23/2021,1610612747,LAL,110,1610612759,SAS,138
0022100488,12/25/2021,1610612752,NYK,101,1610612737,ATL,87
0022100489,12/25/2021,1610612749,MIL,117,1610612738,BOS,113
0022100490,12/25/2021,1610612756,PHX,107,1610612744,GSW,116
0022100491,12/25/2021,1610612747,LAL,115,1610612751,BKN,122
0022100492,12/25/2021,1610612762,UTA,120,1610612742,DAL,116
0022100493,12/26/2021,1610612748,MIA,93,1610612753,ORL,83
0022100494,12/26/2021,1610612739,CLE,144,1610612761,TOR,99
0022100495,12/26/2021,1610612764,WAS,96,1610612755,PHI,117
0022100496,12/26/2021,1610612758,SAC,102,1610612763,MEM,127
0022100497,12/26/2021,1610612760,OKC,117,1610612740,NOP,112
0022100498,12/26/2021,1610612759,SAS,144,1610612765,DET,109
0022100499,12/26/2021,1610612741,CHI,113,1610612754,IND,105
0022100500,12/26/2021,1610612746,LAC,100,1610612743,DEN,103
0022100501,12/27/2021,1610612766,CHA,123,1610612745,HOU,99
0022100502,12/27/2021,1610612737,ATL,118,1610612741,CHI,130
0022100503,12/27/2021,1610612750,MIN,108,1610612738,BOS,103
0022100504,12/27/2021,1610612759,SAS,104,1610612762,UTA,110
0022100505,12/27/2021,1610612756,PHX,113,1610612763,MEM,114
0022100506,12/27/2021,1610612757,POR,117,1610612742,DAL,132
0022100507,12/27/2021,1610612746,LAC,108,1610612751,BKN,124
0022100508,12/28/2021,1610612753,ORL,110,1610612749,MIL,127
0022100509,12/28/2021,1610612748,MIA,119,1610612764,WAS,112
0022100510,12/28/2021,1610612761,TOR,109,1610612755,PHI,114
0022100511,12/28/2021,1610612745,HOU,123,1610612747,LAL,132
0022100512,12/28/2021,1610612750,MIN,88,1610612752,NYK,96
0022100513,12/28/2021,1610612740,NOP,108,1610612739,CLE,104
0022100514,12/28/2021,1610612744,GSW,86,1610612743,DEN,89
0022100515,12/28/2021,1610612758,SAC,117,1610612760,OKC,111
0022100516,12/29/2021,1610612765,DET,85,1610612752,NYK,94
0022100517,12/29/2021,1610612754,IND,108,1610612766,CHA,116
0022100518,12/29/2021,1610612738,BOS,82,1610612746,LAC,91
0022100519,12/29/2021,1610612741,CHI,131,1610612737,ATL,117
0022100520,12/29/2021,1610612763,MEM,104,1610612747,LAL,99
0022100521,02/03/2022,1610612759,SAS,95,1610612748,MIA,112
0022100522,12/29/2021,1610612756,PHX,115,1610612760,OKC,97
0022100523,12/29/2021,1610612757,POR,105,1610612762,UTA,120
0022100524,12/29/2021,1610612758,SAC,95,1610612742,DAL,94
0022100525,12/30/2021,1610612751,BKN,102,1610612755,PHI,110
0022100526,12/30/2021,1610612753,ORL,118,1610612749,MIL,136
0022100527,12/30/2021,1610612764,WAS,110,1610612739,CLE,93
0022100528,03/07/2022,1610612743,DEN,131,1610612744,GSW,124
0022100529,12/31/2021,1610612738,BOS,123,1610612756,PHX,108
0022100530,12/31/2021,1610612754,IND,106,1610612741,CHI,108
0022100531,12/31/2021,1610612758,SAC,96,1610612742,DAL,112
0022100532,12/31/2021,1610612745,HOU,110,1610612748,MIA,120
0022100533,12/31/2021,1610612739,CLE,118,1610612737,ATL,121
0022100534,12/31/2021,1610612761,TOR,116,1610612746,LAC,108
0022100535,12/31/2021,1610612763,MEM,118,1610612759,SAS,105
0022100536,12/31/2021,1610612760,OKC,95,1610612752,NYK,80
0022100537,12/31/2021,1610612762,UTA,120,1610612750,MIN,108
0022100538,12/31/2021,1610612747,LAL,139,1610612757,POR,106
0022100539,01/01/2022,1610612749,MIL,136,1610612740,NOP,113
0022100540,01/01/2022,1610612765,DET,117,1610612759,SAS,116
0022100541,01/01/2022,1610612764,WAS,119,1610612741,CHI,120
0022100542,01/01/2022,1610612751,BKN,116,1610612746,LAC,120
0022100543,01/01/2022,1610612745,HOU,111,1610612743,DEN,124
0022100544,01/01/2022,1610612762,UTA,116,1610612744,GSW,123
0022100545,01/02/2022,1610612761,TOR,120,1610612752,NYK,105
0022100546,01/02/2022,1610612738,BOS,116,1610612753,ORL,111
0022100547,01/02/2022,1610612739,CLE,108,1610612754,IND,104
0022100548,01/02/2022,1610612758,SAC,115,1610612748,MIA,113
0022100549,01/02/2022,1610612766,CHA,99,1610612756,PHX,133
0022100550,01/02/2022,1610612760,OKC,86,1610612742,DAL,95
0022100551,01/02/2022,1610612747,LAL,108,1610612750,MIN,103
0022100552,01/03/2022,1610612755,PHI,133,1610612745,HOU,113
0022100553,01/03/2022,1610612764,WAS,124,1610612766,CHA,121
0022100554,01/03/2022,1610612751,BKN,104,1610612763,MEM,118
0022100555,01/03/2022,1610612741,CHI,102,1610612753,ORL,98
0022100556,01/03/2022,1610612749,MIL,106,1610612765,DET,115
0022100557,01/03/2022,1610612740,NOP,104,1610612762,UTA,115
0022100558,01/03/2022,1610612742,DAL,103,1610612743,DEN,89
0022100559,01/03/2022,1610612744,GSW,115,1610612748,MIA,108
0022100560,01/03/2022,1610612757,POR,136,1610612737,ATL,131
0022100561,01/03/2022,1610612746,LAC,104,1610612750,MIN,122
0022100562,01/04/2022,1610612739,CLE,106,1610612763,MEM,110
0022100563,01/04/2022,1610612761,TOR,129,1610612759,SAS,104
0022100564,01/04/2022,1610612752,NYK,104,1610612754,IND,94
0022100565,01/04/2022,1610612740,NOP,110,1610612756,PHX,123
0022100566,01/04/2022,1610612747,LAL,122,1610612758,SAC,114
0022100567,01/05/2022,1610612766,CHA,140,1610612765,DET,111
0022100568,01/05/2022,1610612753,ORL,106,1610612755,PHI,116
0022100569,01/05/2022,1610612764,WAS,111,1610612745,HOU,114
0022100570,01/05/2022,1610612738,BOS,97,1610612759,SAS,99
0022100571,01/05/2022,1610612754,IND,121,1610612751,BKN,129
0022100572,01/05/2022,1610612742,DAL,99,1610612744,GSW,82
0022100573,01/05/2022,1610612749,MIL,111,1610612761,TOR,117
0022100574,01/05/2022,1610612750,MIN,98,1610612760,OKC,90
0022100575,01/05/2022,1610612743,DEN,109,1610612762,UTA,115
0022100576,01/05/2022,1610612757,POR,109,1610612748,MIA,115
0022100577,01/05/2022,1610612758,SAC,102,1610612737,ATL,108
0022100578,01/06/2022,1610612752,NYK,108,1610612738,BOS,105
0022100579,01/06/2022,1610612763,MEM,118,1610612765,DET,88
0022100580,01/06/2022,1610612740,NOP,101,1610612744,GSW,96
0022100581,01/06/2022,1610612756,PHX,106,1610612746,LAC,89
0022100582,01/07/2022,1610612755,PHI,119,1610612759,SAS,100
0022100583,01/07/2022,1610612751,BKN,109,1610612749,MIL,121
0022100584,01/07/2022,1610612761,TOR,122,1610612762,UTA,108
0022100585,01/07/2022,1610612741,CHI,130,1610612764,WAS,122
0022100586,01/07/2022,1610612745,HOU,106,1610612742,DAL,130
0022100587,01/07/2022,1610612760,OKC,105,1610612750,MIN,135
0022100588,01/07/2022,1610612743,DEN,121,1610612758,SAC,111
0022100589,01/07/2022,1610612747,LAL,134,1610612737,ATL,118
0022100590,01/07/2022,1610612757,POR,101,1610612739,CLE,114
0022100591,01/08/2022,1610612746,LAC,108,1610612763,MEM,123
0022100592,01/08/2022,1610612766,CHA,114,1610612749,MIL,106
0022100593,01/08/2022,1610612765,DET,97,1610612753,ORL,92
0022100594,01/08/2022,1610612754,IND,125,1610612762,UTA,113
0022100595,01/08/2022,1610612738,BOS,99,1610612752,NYK,75
0022100596,01/08/2022,1610612756,PHX,100,1610612748,MIA,123
0022100597,01/09/2022,1610612746,LAC,106,1610612737,ATL,93
0022100598,01/09/2022,1610612753,ORL,100,1610612764,WAS,102
0022100599,01/09/2022,1610612761,TOR,105,1610612740,NOP,101
0022100600,01/09/2022,1610612745,HOU,123,1610612750,MIN,141
0022100601,01/09/2022,1610612760,OKC,95,1610612743,DEN,99
0022100602,01/09/2022,1610612751,BKN,121,1610612759,SAS,119
0022100603,01/09/2022,1610612742,DAL,113,1610612741,CHI,99
0022100604,01/09/2022,1610612744,GSW,96,1610612739,CLE,82
0022100605,01/09/2022,1610612757,POR,103,1610612758,SAC,88
0022100606,01/09/2022,1610612747,LAL,119,1610612763,MEM,127
0022100607,01/10/2022,1610612766,CHA,103,1610612749,MIL,99
0022100608,01/10/2022,1610612765,DET,126,1610612762,UTA,116
0022100609,01/10/2022,1610612738,BOS,101,1610612754,IND,98
0022100610,01/10/2022,1610612752,NYK,111,1610612759,SAS,96
0022100611,01/10/2022,1610612758,SAC,108,1610612739,CLE,109
0022100612,01/11/2022,1610612764,WAS,122,1610612760,OKC,118
0022100613,01/11/2022,1610612761,TOR,95,1610612756,PHX,99
0022100614,01/11/2022,1610612763,MEM,116,1610612744,GSW,108
0022100615,01/11/2022,1610612740,NOP,128,1610612750,MIN,125
0022100616,01/11/2022,1610612746,LAC,87,1610612743,DEN,85
0022100617,01/16/2022,1610612765,DET,108,1610612756,PHX,135
0022100618,01/12/2022,1610612754,IND,100,1610612738,BOS,119
0022100619,01/12/2022,1610612755,PHI,98,1610612766,CHA,109
0022100620,01/12/2022,1610612764,WAS,112,1610612753,ORL,106
0022100621,01/12/2022,1610612737,ATL,91,1610612748,MIA,115
0022100622,01/12/2022,1610612752,NYK,108,1610612742,DAL,85
0022100623,01/12/2022,1610612759,SAS,124,1610612745,HOU,128
0022100624,01/12/2022,1610612762,UTA,91,1610612739,CLE,111
0022100625,01/12/2022,1610612741,CHI,112,1610612751,BKN,138
0022100626,01/12/2022,1610612758,SAC,125,1610612747,LAL,116
0022100627,01/13/2022,1610612749,MIL,118,1610612744,GSW,99
0022100628,01/13/2022,1610612763,MEM,116,1610612750,MIN,108
0022100629,01/13/2022,1610612740,NOP,113,1610612746,LAC,89
0022100630,01/13/2022,1610612751,BKN,109,1610612760,OKC,130
0022100631,01/13/2022,1610612743,DEN,140,1610612757,POR,108
0022100632,01/14/2022,1610612766,CHA,109,1610612753,ORL,116
0022100633,01/14/2022,1610612765,DET,103,1610612761,TOR,87
0022100634,01/14/2022,1610612754,IND,94,1610612756,PHX,112
0022100635,01/14/2022,1610612755,PHI,111,1610612738,BOS,99
0022100636,01/14/2022,1610612748,MIA,124,1610612737,ATL,118
0022100637,01/14/2022,1610612741,CHI,96,1610612744,GSW,138
0022100638,01/14/2022,1610612759,SAS,109,1610612739,CLE,114
0022100639,01/14/2022,1610612763,MEM,85,1610612742,DAL,112
0022100640,01/14/2022,1610612758,SAC,126,1610612745,HOU,114
0022100641,01/15/2022,1610612749,MIL,96,1610612761,TOR,103
0022100642,01/15/2022,1610612764,WAS,110,1610612757,POR,115
0022100643,01/15/2022,1610612737,ATL,108,1610612752,NYK,117
0022100644,01/15/2022,1610612751,BKN,120,1610612740,NOP,105
0022100645,01/15/2022,1610612748,MIA,98,1610612755,PHI,109
0022100646,01/15/2022,1610612760,OKC,102,1610612739,CLE,107
0022100647,01/15/2022,1610612738,BOS,114,1610612741,CHI,112
0022100648,01/15/2022,1610612759,SAS,101,1610612746,LAC,94
0022100649,01/15/2022,1610612743,DEN,133,1610612747,LAL,96
0022100650,01/15/2022,1610612742,DAL,108,1610612753,ORL,92
0022100651,01/16/2022,1610612758,SAC,112,1610612745,HOU,118
0022100652,01/16/2022,1610612750,MIN,119,1610612744,GSW,99
0022100653,01/16/2022,1610612743,DEN,102,1610612762,UTA,125
0022100654,01/17/2022,1610612738,BOS,104,1610612740,NOP,92
0022100655,01/17/2022,1610612752,NYK,87,1610612766,CHA,97
0022100656,01/17/2022,1610612764,WAS,117,1610612755,PHI,98
0022100657,01/17/2022,1610612739,CLE,114,1610612751,BKN,107
0022100658,01/17/2022,1610612763,MEM,119,1610612741,CHI,106
0022100659,01/17/2022,1610612746,LAC,139,1610612754,IND,133
0022100660,01/17/2022,1610612737,ATL,121,1610612749,MIL,114
0022100661,01/17/2022,1610612753,ORL,88,1610612757,POR,98
0022100662,01/17/2022,1610612748,MIA,104,1610612761,TOR,99
0022100663,01/17/2022,1610612742,DAL,104,1610612760,OKC,102
0022100664,01/17/2022,1610612759,SAS,107,1610612756,PHX,121
0022100665,01/17/2022,1610612747,LAL,101,1610612762,UTA,95
0022100666,01/18/2022,1610612752,NYK,110,1610612750,MIN,112
0022100667,01/18/2022,1610612744,GSW,102,1610612765,DET,86
0022100668,01/19/2022,1610612755,PHI,123,1610612753,ORL,110
0022100669,01/19/2022,1610612764,WAS,118,1610612751,BKN,119
0022100670,01/19/2022,1610612737,ATL,134,1610612750,MIN,122
0022100671,01/19/2022,1610612738,BOS,102,1610612766,CHA,111
0022100672,01/19/2022,1610612748,MIA,104,1610612757,POR,92
0022100673,01/19/2022,1610612741,CHI,117,1610612739,CLE,104
0022100674,01/19/2022,1610612749,MIL,126,1610612763,MEM,114
0022100675,01/19/2022,1610612742,DAL,102,1610612761,TOR,98
0022100676,01/19/2022,1610612759,SAS,118,1610612760,OKC,96
0022100677,01/19/2022,1610612762,UTA,111,1610612745,HOU,116
0022100678,01/19/2022,1610612743,DEN,130,1610612746,LAC,128
0022100679,01/19/2022,1610612758,SAC,131,1610612765,DET,133
0022100680,01/19/2022,1610612747,LAL,104,1610612754,IND,111
0022100681,01/20/2022,1610612752,NYK,91,1610612740,NOP,102
0022100682,01/20/2022,1610612742,DAL,101,1610612756,PHX,109
0022100683,01/20/2022,1610612744,GSW,117,1610612754,IND,121
0022100684,01/21/2022,1610612766,CHA,121,1610612760,OKC,98
0022100685,01/21/2022,1610612753,ORL,105,1610612747,LAL,116
0022100686,01/21/2022,1610612755,PHI,101,1610612746,LAC,102
0022100687,01/21/2022,1610612737,ATL,110,1610612748,MIA,108
0022100688,01/21/2022,1610612738,BOS,105,1610612757,POR,109
0022100689,01/21/2022,1610612764,WAS,105,1610612761,TOR,109
0022100690,01/21/2022,1610612749,MIL,94,1610612741,CHI,90
0022100691,01/21/2022,1610612759,SAS,102,1610612751,BKN,117
0022100692,01/21/2022,1610612743,DEN,118,1610612763,MEM,122
0022100693,01/21/2022,1610612762,UTA,111,1610612765,DET,101
0022100694,01/21/2022,1610612744,GSW,105,1610612745,HOU,103
0022100695,01/22/2022,1610612739,CLE,94,1610612760,OKC,87
0022100696,01/22/2022,1610612749,MIL,133,1610612758,SAC,127
0022100697,01/22/2022,1610612756,PHX,113,1610612754,IND,103
0022100698,01/23/2022,1610612752,NYK,110,1610612746,LAC,102
0022100699,01/23/2022,1610612764,WAS,87,1610612738,BOS,116
0022100700,01/23/2022,1610612748,MIA,113,1610612747,LAL,107
0022100701,01/23/2022,1610612753,ORL,114,1610612741,CHI,95
0022100702,01/23/2022,1610612761,TOR,105,1610612757,POR,114
0022100703,01/23/2022,1610612766,CHA,91,1610612737,ATL,113
0022100704,01/23/2022,1610612759,SAS,109,1610612755,PHI,115
0022100705,01/23/2022,1610612742,DAL,104,1610612763,MEM,91
0022100706,01/23/2022,1610612750,MIN,136,1610612751,BKN,125
0022100707,01/23/2022,1610612743,DEN,117,1610612765,DET,111
0022100708,01/23/2022,1610612744,GSW,94,1610612762,UTA,92
0022100709,01/24/2022,1610612739,CLE,95,1610612752,NYK,93
0022100710,03/03/2022,1610612737,ATL,130,1610612741,CHI,124
0022100711,01/10/2022,1610612745,HOU,91,1610612755,PHI,111
0022100712,01/24/2022,1610612740,NOP,117,1610612754,IND,113
0022100713,01/24/2022,1610612756,PHX,115,1610612762,UTA,109
0022100714,01/25/2022,1610612765,DET,105,1610612743,DEN,110
0022100715,01/25/2022,1610612761,TOR,125,1610612766,CHA,113
0022100716,01/25/2022,1610612764,WAS,115,1610612746,LAC,116
0022100717,01/25/2022,1610612738,BOS,128,1610612758,SAC,75
0022100718,01/25/2022,1610612751,BKN,96,1610612747,LAL,106
0022100719,01/25/2022,1610612745,HOU,104,1610612759,SAS,134
0022100720,01/25/2022,1610612744,GSW,130,1610612742,DAL,92
0022100721,01/25/2022,1610612757,POR,107,1610612750,MIN,109
0022100722,01/26/2022,1610612739,CLE,115,1610612749,MIL,99
0022100723,01/26/2022,1610612754,IND,126,1610612766,CHA,158
0022100724,01/26/2022,1610612753,ORL,102,1610612746,LAC,111
0022100725,01/26/2022,1610612737,ATL,121,1610612758,SAC,104
0022100726,02/28/2022,1610612751,BKN,97,1610612761,TOR,133
0022100727,01/26/2022,1610612748,MIA,110,1610612752,NYK,96
0022100728,01/26/2022,1610612759,SAS,110,1610612763,MEM,118
0022100729,01/28/2022,1610612740,NOP,105,1610612743,DEN,116
0022100730,01/24/2022,1610612760,OKC,110,1610612741,CHI,111
0022100731,01/26/2022,1610612762,UTA,97,1610612756,PHX,105
0022100732,01/26/2022,1610612757,POR,112,1610612742,DAL,132
0022100733,01/27/2022,1610612755,PHI,105,1610612747,LAL,87
0022100734,01/27/2022,1610612744,GSW,124,1610612750,MIN,115
0022100735,01/28/2022,1610612766,CHA,117,1610612747,LAL,114
0022100736,01/28/2022,1610612753,ORL,119,1610612765,DET,103
0022100737,01/28/2022,1610612737,ATL,108,1610612738,BOS,92
0022100738,01/28/2022,1610612748,MIA,121,1610612746,LAC,114
0022100739,01/28/2022,1610612745,HOU,110,1610612757,POR,125
0022100740,01/28/2022,1610612763,MEM,119,1610612762,UTA,109
0022100741,01/28/2022,1610612760,OKC,110,1610612754,IND,113
0022100742,01/28/2022,1610612759,SAS,131,1610612741,CHI,122
0022100743,01/28/2022,1610612756,PHX,134,1610612750,MIN,124
0022100744,01/28/2022,1610612749,MIL,123,1610612752,NYK,108
0022100745,01/29/2022,1610612740,NOP,97,1610612738,BOS,107
0022100746,01/29/2022,1610612742,DAL,132,1610612754,IND,105
0022100747,01/29/2022,1610612755,PHI,103,1610612758,SAC,101
0022100748,01/29/2022,1610612748,MIA,120,1610612761,TOR,124
0022100749,01/29/2022,1610612763,MEM,115,1610612764,WAS,95
0022100750,01/29/2022,1610612744,GSW,110,1610612751,BKN,106
0022100751,01/30/2022,1610612737,ATL,129,1610612747,LAL,121
0022100752,01/30/2022,1610612766,CHA,90,1610612746,LAC,115
0022100753,01/30/2022,1610612741,CHI,130,1610612757,POR,116
0022100754,01/30/2022,1610612765,DET,115,1610612739,CLE,105
0022100755,01/30/2022,1610612753,ORL,110,1610612742,DAL,108
0022100756,01/30/2022,1610612749,MIL,100,1610612743,DEN,136
0022100757,01/30/2022,1610612750,MIN,126,1610612762,UTA,106
0022100758,01/30/2022,1610612756,PHX,115,1610612759,SAS,110
0022100759,01/31/2022,1610612739,CLE,93,1610612740,NOP,90
0022100760,01/31/2022,1610612754,IND,122,1610612746,LAC,116
0022100761,01/31/2022,1610612755,PHI,122,1610612763,MEM,119
0022100762,01/31/2022,1610612738,BOS,122,1610612748,MIA,92
0022100763,01/31/2022,1610612752,NYK,116,1610612758,SAC,96
0022100764,01/31/2022,1610612745,HOU,108,1610612744,GSW,122
0022100765,01/31/2022,1610612760,OKC,98,1610612757,POR,81
0022100766,02/01/2022,1610612765,DET,101,1610612740,NOP,111
0022100767,01/31/2022,1610612737,ATL,100,1610612761,TOR,106
0022100768,02/01/2022,1610612749,MIL,112,1610612764,WAS,98
0022100769,02/01/2022,1610612741,CHI,126,1610612753,ORL,115
0022100770,02/01/2022,1610612750,MIN,130,1610612743,DEN,115
0022100771,02/01/2022,1610612759,SAS,120,1610612744,GSW,124
0022100772,02/01/2022,1610612756,PHX,121,1610612751,BKN,111
0022100773,02/02/2022,1610612754,IND,118,1610612753,ORL,119
0022100774,02/02/2022,1610612755,PHI,103,1610612764,WAS,106
0022100775,02/02/2022,1610612738,BOS,113,1610612766,CHA,107
0022100776,02/02/2022,1610612752,NYK,108,1610612763,MEM,120
0022100777,02/02/2022,1610612745,HOU,115,1610612739,CLE,104
0022100778,02/02/2022,1610612742,DAL,114,1610612760,OKC,120
0022100779,02/02/2022,1610612762,UTA,108,1610612743,DEN,104
0022100780,02/02/2022,1610612758,SAC,112,1610612751,BKN,101
0022100781,02/02/2022,1610612747,LAL,99,1610612757,POR,94
0022100782,02/03/2022,1610612765,DET,117,1610612750,MIN,128
0022100783,02/03/2022,1610612737,ATL,124,1610612756,PHX,115
0022100784,02/01/2022,1610612761,TOR,110,1610612748,MIA,106
0022100785,02/03/2022,1610612744,GSW,126,1610612758,SAC,114
0022100786,02/03/2022,1610612746,LAC,111,1610612747,LAL,110
0022100787,02/04/2022,1610612766,CHA,101,1610612739,CLE,102
0022100788,02/04/2022,1610612765,DET,93,1610612738,BOS,102
0022100789,02/04/2022,1610612754,IND,115,1610612741,CHI,122
0022100790,02/04/2022,1610612761,TOR,125,1610612737,ATL,114
0022100791,02/04/2022,1610612742,DAL,107,1610612755,PHI,98
0022100792,02/04/2022,1610612759,SAS,131,1610612745,HOU,106
0022100793,02/04/2022,1610612762,UTA,125,1610612751,BKN,102
0022100794,02/04/2022,1610612743,DEN,105,1610612740,NOP,113
0022100795,02/04/2022,1610612757,POR,93,1610612760,OKC,96
0022100796,02/05/2022,1610612753,ORL,115,1610612763,MEM,135
0022100797,02/05/2022,1610612766,CHA,86,1610612748,MIA,104
0022100798,02/05/2022,1610612764,WAS,80,1610612756,PHX,95
0022100799,02/05/2022,1610612747,LAL,122,1610612752,NYK,115
0022100800,02/05/2022,1610612757,POR,108,1610612749,MIL,137
0022100801,02/05/2022,1610612758,SAC,113,1610612760,OKC,103
0022100802,02/06/2022,1610612741,CHI,108,1610612755,PHI,119
0022100803,02/06/2022,1610612750,MIN,118,1610612765,DET,105
0022100804,02/06/2022,1610612743,DEN,124,1610612751,BKN,104
0022100805,02/06/2022,1610612739,CLE,98,1610612754,IND,85
0022100806,02/06/2022,1610612753,ORL,83,1610612738,BOS,116
0022100807,02/06/2022,1610612742,DAL,103,1610612737,ATL,94
0022100808,02/06/2022,1610612745,HOU,107,1610612740,NOP,120
0022100809,02/06/2022,1610612746,LAC,113,1610612749,MIL,137
0022100810,02/07/2022,1610612766,CHA,101,1610612761,TOR,116
0022100811,02/07/2022,1610612764,WAS,100,1610612748,MIA,121
0022100812,02/07/2022,1610612741,CHI,124,1610612756,PHX,127
0022100813,02/07/2022,1610612760,OKC,98,1610612744,GSW,110
0022100814,02/07/2022,1610612762,UTA,113,1610612752,NYK,104
0022100815,02/08/2022,1610612755,PHI,109,1610612756,PHX,114
0022100816,02/08/2022,1610612737,ATL,133,1610612754,IND,112
0022100817,02/08/2022,1610612751,BKN,91,1610612738,BOS,126
0022100818,02/08/2022,1610612763,MEM,135,1610612746,LAC,109
0022100819,02/08/2022,1610612740,NOP,110,1610612745,HOU,97
0022100820,02/08/2022,1610612742,DAL,116,1610612765,DET,86
0022100821,02/08/2022,1610612743,DEN,132,1610612752,NYK,115
0022100822,02/08/2022,1610612747,LAL,116,1610612749,MIL,131
0022100823,02/08/2022,1610612757,POR,95,1610612753,ORL,113
0022100824,02/08/2022,1610612758,SAC,114,1610612750,MIN,134
0022100825,02/09/2022,1610612739,CLE,105,1610612759,SAS,92
0022100826,02/09/2022,1610612766,CHA,109,1610612741,CHI,121
0022100827,02/09/2022,1610612760,OKC,98,1610612761,TOR,117
0022100828,02/09/2022,1610612762,UTA,111,1610612744,GSW,85
0022100829,02/09/2022,1610612757,POR,107,1610612747,LAL,105
0022100830,02/09/2022,1610612758,SAC,132,1610612750,MIN,119
0022100831,02/10/2022,1610612765,DET,107,1610612763,MEM,132
0022100832,02/10/2022,1610612764,WAS,113,1610612751,BKN,112
0022100833,02/10/2022,1610612740,NOP,97,1610612748,MIA,112
0022100834,02/10/2022,1610612745,HOU,120,1610612761,TOR,139
0022100835,02/10/2022,1610612742,DAL,112,1610612746,LAC,105
0022100836,02/10/2022,1610612756,PHX,131,1610612749,MIL,107
0022100837,02/10/2022,1610612744,GSW,114,1610612752,NYK,116
0022100838,02/11/2022,1610612765,DET,119,1610612766,CHA,141
0022100839,02/11/2022,1610612754,IND,113,1610612739,CLE,120
0022100840,02/11/2022,1610612755,PHI,100,1610612760,OKC,87
0022100841,02/11/2022,1610612737,ATL,121,1610612759,SAS,136
0022100842,02/11/2022,1610612738,BOS,108,1610612743,DEN,102
0022100843,02/11/2022,1610612741,CHI,134,1610612750,MIN,122
0022100844,02/11/2022,1610612762,UTA,114,1610612753,ORL,99
0022100845,02/12/2022,1610612757,POR,112,1610612752,NYK,103
0022100846,02/12/2022,1610612766,CHA,118,1610612763,MEM,125
0022100847,02/12/2022,1610612764,WAS,110,1610612758,SAC,123
0022100848,02/12/2022,1610612740,NOP,114,1610612759,SAS,124
0022100849,02/12/2022,1610612755,PHI,103,1610612739,CLE,93
0022100850,02/12/2022,1610612761,TOR,109,1610612743,DEN,110
0022100851,02/12/2022,1610612748,MIA,115,1610612751,BKN,111
0022100852,02/12/2022,1610612741,CHI,106,1610612760,OKC,101
0022100853,02/12/2022,1610612742,DAL,97,1610612746,LAC,99
0022100854,02/12/2022,1610612744,GSW,117,1610612747,LAL,115
0022100855,02/12/2022,1610612756,PHX,132,1610612753,ORL,105
0022100856,02/13/2022,1610612738,BOS,105,1610612737,ATL,95
0022100857,02/13/2022,1610612754,IND,120,1610612750,MIN,129
0022100858,02/14/2022,1610612764,WAS,103,1610612765,DET,94
0022100859,02/14/2022,1610612751,BKN,109,1610612758,SAC,85
0022100860,02/14/2022,1610612752,NYK,123,1610612760,OKC,127
0022100861,02/14/2022,1610612741,CHI,120,1610612759,SAS,109
0022100862,02/14/2022,1610612749,MIL,107,1610612757,POR,122
0022100863,02/14/2022,1610612740,NOP,120,1610612761,TOR,90
0022100864,02/14/2022,1610612743,DEN,121,1610612753,ORL,111
0022100865,02/14/2022,1610612762,UTA,135,1610612745,HOU,101
0022100866,02/14/2022,1610612746,LAC,119,1610612744,GSW,104
0022100867,02/15/2022,1610612737,ATL,124,1610612739,CLE,116
0022100868,02/15/2022,1610612748,MIA,99,1610612742,DAL,107
0022100869,02/15/2022,1610612755,PHI,87,1610612738,BOS,135
0022100870,02/15/2022,1610612749,MIL,128,1610612754,IND,119
0022100871,02/15/2022,1610612750,MIN,126,1610612766,CHA,120
0022100872,02/15/2022,1610612740,NOP,109,1610612763,MEM,121
0022100873,02/15/2022,1610612756,PHX,103,1610612746,LAC,96
0022100874,02/16/2022,1610612753,ORL,109,1610612737,ATL,130
0022100875,02/16/2022,1610612738,BOS,111,1610612765,DET,112
0022100876,02/16/2022,1610612754,IND,113,1610612764,WAS,108
0022100877,02/16/2022,1610612752,NYK,106,1610612751,BKN,111
0022100878,02/16/2022,1610612741,CHI,125,1610612758,SAC,118
0022100879,02/16/2022,1610612763,MEM,119,1610612757,POR,123
0022100880,02/16/2022,1610612750,MIN,91,1610612761,TOR,103
0022100881,02/16/2022,1610612760,OKC,106,1610612759,SAS,114
0022100882,02/16/2022,1610612756,PHX,124,1610612745,HOU,121
0022100883,02/16/2022,1610612744,GSW,116,1610612743,DEN,117
0022100884,02/16/2022,1610612747,LAL,106,1610612762,UTA,101
0022100885,02/17/2022,1610612766,CHA,107,1610612748,MIA,111
0022100886,02/17/2022,1610612740,NOP,118,1610612742,DAL,125
0022100887,02/17/2022,1610612749,MIL,120,1610612755,PHI,123
0022100888,02/17/2022,1610612746,LAC,142,1610612745,HOU,111
0022100889,02/24/2022,1610612765,DET,106,1610612739,CLE,103
0022100890,02/24/2022,1610612751,BKN,106,1610612738,BOS,129
0022100891,02/24/2022,1610612741,CHI,112,1610612737,ATL,108
0022100892,02/24/2022,1610612750,MIN,119,1610612763,MEM,114
0022100893,02/24/2022,1610612760,OKC,104,1610612756,PHX,124
0022100894,02/24/2022,1610612757,POR,95,1610612744,GSW,132
0022100895,02/24/2022,1610612758,SAC,110,1610612743,DEN,128
0022100896,02/25/2022,1610612766,CHA,125,1610612761,TOR,93
0022100897,02/25/2022,1610612754,IND,125,1610612760,OKC,129
0022100898,02/25/2022,1610612753,ORL,119,1610612745,HOU,111
0022100899,02/25/2022,1610612764,WAS,153,1610612759,SAS,157
0022100900,02/25/2022,1610612752,NYK,100,1610612748,MIA,115
0022100901,02/25/2022,1610612750,MIN,102,1610612755,PHI,133
0022100902,02/25/2022,1610612756,PHX,102,1610612740,NOP,117
0022100903,02/25/2022,1610612762,UTA,114,1610612742,DAL,109
0022100904,02/25/2022,1610612747,LAL,102,1610612746,LAC,105
0022100905,02/26/2022,1610612765,DET,104,1610612738,BOS,113
0022100906,02/26/2022,1610612737,ATL,127,1610612761,TOR,100
0022100907,02/26/2022,1610612739,CLE,92,1610612764,WAS,86
0022100908,02/26/2022,1610612748,MIA,133,1610612759,SAS,129
0022100909,02/26/2022,1610612741,CHI,110,1610612763,MEM,116
0022100910,02/26/2022,1610612749,MIL,123,1610612751,BKN,126
0022100911,02/26/2022,1610612743,DEN,115,1610612758,SAC,110
0022100912,02/27/2022,1610612752,NYK,109,1610612755,PHI,125
0022100913,02/27/2022,1610612756,PHX,114,1610612762,UTA,118
0022100914,02/27/2022,1610612754,IND,128,1610612738,BOS,107
0022100915,02/27/2022,1610612766,CHA,126,1610612765,DET,127
0022100916,02/27/2022,1610612745,HOU,98,1610612746,LAC,99
0022100917,02/27/2022,1610612744,GSW,101,1610612742,DAL,107
0022100918,02/27/2022,1610612757,POR,92,1610612743,DEN,124
0022100919,02/27/2022,1610612747,LAL,95,1610612740,NOP,123
0022100920,02/28/2022,1610612739,CLE,122,1610612750,MIN,127
0022100921,02/28/2022,1610612753,ORL,119,1610612754,IND,103
0022100922,02/28/2022,1610612748,MIA,112,1610612741,CHI,99
0022100923,02/28/2022,1610612763,MEM,118,1610612759,SAS,105
0022100924,02/28/2022,1610612749,MIL,130,1610612766,CHA,106
0022100925,02/28/2022,1610612760,OKC,110,1610612758,SAC,131
0022100926,03/01/2022,1610612764,WAS,116,1610612765,DET,113
0022100927,03/01/2022,1610612738,BOS,107,1610612737,ATL,98
0022100928,03/01/2022,1610612761,TOR,109,1610612751,BKN,108
0022100929,03/01/2022,1610612745,HOU,100,1610612746,LAC,113
0022100930,03/01/2022,1610612750,MIN,129,1610612744,GSW,114
0022100931,03/01/2022,1610612747,LAL,104,1610612742,DAL,109
0022100932,03/02/2022,1610612739,CLE,98,1610612766,CHA,119
0022100933,03/02/2022,1610612753,ORL,114,1610612754,IND,122
0022100934,03/02/2022,1610612755,PHI,123,1610612752,NYK,108
0022100935,03/02/2022,1610612745,HOU,127,1610612762,UTA,132
0022100936,03/02/2022,1610612749,MIL,120,1610612748,MIA,119
0022100937,03/02/2022,1610612740,NOP,125,1610612758,SAC,95
0022100938,03/02/2022,1610612743,DEN,107,1610612760,OKC,119
0022100939,03/02/2022,1610612756,PHX,120,1610612757,POR,90
0022100940,03/03/2022,1610612738,BOS,120,1610612763,MEM,107
0022100941,03/03/2022,1610612751,BKN,107,1610612748,MIA,113
0022100942,03/03/2022,1610612761,TOR,106,1610612765,DET,108
0022100943,03/03/2022,1610612742,DAL,122,1610612744,GSW,113
0022100944,03/03/2022,1610612759,SAS,112,1610612758,SAC,115
0022100945,03/03/2022,1610612746,LAC,132,1610612747,LAL,111
0022100946,03/04/2022,1610612765,DET,111,1610612754,IND,106
0022100947,03/04/2022,1610612755,PHI,125,1610612739,CLE,119
0022100948,03/04/2022,1610612764,WAS,114,1610612737,ATL,117
0022100949,03/04/2022,1610612741,CHI,112,1610612749,MIL,118
0022100950,03/04/2022,1610612740,NOP,124,1610612762,UTA,90
0022100951,03/04/2022,1610612760,OKC,101,1610612750,MIN,138
0022100952,03/04/2022,1610612743,DEN,116,1610612745,HOU,101
0022100953,03/04/2022,1610612756,PHX,115,1610612752,NYK,114
0022100954,03/05/2022,1610612742,DAL,114,1610612758,SAC,113
0022100955,03/05/2022,1610612766,CHA,123,1610612759,SAS,117
0022100956,03/05/2022,1610612748,MIA,99,1610612755,PHI,82
0022100957,03/05/2022,1610612763,MEM,124,1610612753,ORL,96
0022100958,03/05/2022,1610612750,MIN,135,1610612757,POR,121
0022100959,03/05/2022,1610612747,LAL,124,1610612744,GSW,116
0022100960,03/06/2022,1610612738,BOS,126,1610612751,BKN,120
0022100961,03/06/2022,1610612749,MIL,132,1610612756,PHX,122
0022100962,03/06/2022,1610612739,CLE,104,1610612761,TOR,96
0022100963,03/06/2022,1610612764,WAS,133,1610612754,IND,123
0022100964,03/06/2022,1610612745,HOU,123,1610612763,MEM,112
0022100965,03/06/2022,1610612760,OKC,103,1610612762,UTA,116
0022100966,03/06/2022,1610612746,LAC,93,1610612752,NYK,116
0022100967,03/06/2022,1610612743,DEN,138,1610612740,NOP,130
0022100968,03/07/2022,1610612765,DET,113,1610612737,ATL,110
0022100969,03/07/2022,1610612755,PHI,121,1610612741,CHI,106
0022100970,03/07/2022,1610612748,MIA,123,1610612745,HOU,106
0022100971,03/07/2022,1610612750,MIN,124,1610612757,POR,81
0022100972,03/07/2022,1610612742,DAL,111,1610612762,UTA,103
0022100973,03/07/2022,1610612759,SAS,117,1610612747,LAL,110
0022100974,03/07/2022,1610612758,SAC,115,1610612752,NYK,131
0022100975,03/08/2022,1610612766,CHA,121,1610612751,BKN,132
0022100976,03/08/2022,1610612754,IND,124,1610612739,CLE,127
0022100977,03/08/2022,1610612753,ORL,99,1610612756,PHX,102
0022100978,03/08/2022,1610612763,MEM,132,1610612740,NOP,111
0022100979,03/08/2022,1610612760,OKC,115,1610612749,MIL,142
0022100980,03/08/2022,1610612744,GSW,112,1610612746,LAC,97
0022100981,03/09/2022,1610612766,CHA,101,1610612738,BOS,115
0022100982,03/09/2022,1610612765,DET,108,1610612741,CHI,114
0022100983,03/09/2022,1610612748,MIA,90,1610612756,PHX,111
0022100984,03/09/2022,1610612749,MIL,124,1610612737,ATL,115
0022100985,03/09/2022,1610612745,HOU,139,1610612747,LAL,130
0022100986,03/09/2022,1610612750,MIN,132,1610612760,OKC,102
0022100987,03/09/2022,1610612740,NOP,102,1610612753,ORL,108
0022100988,03/09/2022,1610612742,DAL,77,1610612752,NYK,107
0022100989,03/09/2022,1610612759,SAS,104,1610612761,TOR,119
0022100990,03/09/2022,1610612762,UTA,123,1610612757,POR,85
0022100991,03/09/2022,1610612758,SAC,100,1610612743,DEN,106
0022100992,03/09/2022,1610612746,LAC,115,1610612764,WAS,109
0022100993,03/10/2022,1610612755,PHI,100,1610612751,BKN,129
0022100994,03/10/2022,1610612743,DEN,102,1610612744,GSW,113
0022100995,03/11/2022,1610612753,ORL,118,1610612750,MIN,110
0022100996,03/11/2022,1610612737,ATL,112,1610612746,LAC,106
0022100997,03/11/2022,1610612738,BOS,114,1610612765,DET,103
0022100998,03/11/2022,1610612748,MIA,117,1610612739,CLE,105
0022100999,03/11/2022,1610612745,HOU,100,1610612742,DAL,113
0022101000,03/11/2022,1610612763,MEM,118,1610612752,NYK,114
0022101001,03/11/2022,1610612740,NOP,120,1610612766,CHA,142
0022101002,03/11/2022,1610612759,SAS,104,1610612762,UTA,102
0022101003,03/11/2022,1610612756,PHX,112,1610612761,TOR,117
0022101004,03/11/2022,1610612747,LAL,122,1610612764,WAS,109
0022101005,03/12/2022,1610612748,MIA,104,1610612750,MIN,113
0022101006,03/12/2022,1610612741,CHI,101,1610612739,CLE,91
0022101007,03/12/2022,1610612759,SAS,108,1610612754,IND,119
0022101008,03/12/2022,1610612744,GSW,122,1610612749,MIL,109
0022101009,03/12/2022,1610612743,DEN,115,1610612761,TOR,127
0022101010,03/12/2022,1610612762,UTA,134,1610612758,SAC,125
0022101011,03/12/2022,1610612757,POR,127,1610612764,WAS,118
0022101012,03/13/2022,1610612751,BKN,110,1610612752,NYK,107
0022101013,03/13/2022,1610612765,DET,102,1610612746,LAC,106
0022101014,03/13/2022,1610612738,BOS,92,1610612742,DAL,95
0022101015,03/13/2022,1610612753,ORL,114,1610612755,PHI,116
0022101016,03/13/2022,1610612737,ATL,131,1610612754,IND,128
0022101017,03/13/2022,1610612740,NOP,130,1610612745,HOU,105
0022101018,03/13/2022,1610612760,OKC,118,1610612763,MEM,125
0022101019,03/13/2022,1610612756,PHX,140,1610612747,LAL,111
0022101020,03/14/2022,1610612739,CLE,120,1610612746,LAC,111
0022101021,03/14/2022,1610612737,ATL,122,1610612757,POR,113
0022101022,03/14/2022,1610612755,PHI,110,1610612743,DEN,114
0022101023,03/14/2022,1610612760,OKC,116,1610612766,CHA,134
0022101024,03/14/2022,1610612759,SAS,139,1610612750,MIN,149
0022101025,03/14/2022,1610612744,GSW,126,1610612764,WAS,112
0022101026,03/14/2022,1610612758,SAC,112,1610612741,CHI,103
0022101027,03/14/2022,1610612762,UTA,111,1610612749,MIL,117
0022101028,03/14/2022,1610612747,LAL,103,1610612761,TOR,114
0022101029,03/15/2022,1610612754,IND,102,1610612763,MEM,135
0022101030,03/15/2022,1610612753,ORL,108,1610612751,BKN,150
0022101031,03/15/2022,1610612748,MIA,105,1610612765,DET,98
0022101032,03/15/2022,1610612740,NOP,115,1610612756,PHX,131
0022101033,03/16/2022,1610612766,CHA,116,1610612737,ATL,106
0022101034,03/16/2022,1610612739,CLE,114,1610612755,PHI,118
0022101035,03/16/2022,1610612764,WAS,109,1610612743,DEN,127
0022101036,03/16/2022,1610612751,BKN,111,1610612742,DAL,113
0022101037,03/16/2022,1610612752,NYK,128,1610612757,POR,98
0022101038,03/16/2022,1610612745,HOU,112,1610612756,PHX,129
0022101039,03/16/2022,1610612750,MIN,124,1610612747,LAL,104
0022101040,03/16/2022,1610612759,SAS,122,1610612760,OKC,120
0022101041,03/16/2022,1610612762,UTA,125,1610612741,CHI,110
0022101042,03/16/2022,1610612744,GSW,88,1610612738,BOS,110
0022101043,03/16/2022,1610612758,SAC,126,1610612749,MIL,135
0022101044,03/16/2022,1610612746,LAC,100,1610612761,TOR,103
0022101045,03/17/2022,1610612753,ORL,120,1610612765,DET,134
0022101046,03/18/2022,1610612755,PHI,111,1610612742,DAL,101
0022101047,03/18/2022,1610612737,ATL,120,1610612763,MEM,105
0022101048,03/18/2022,1610612751,BKN,128,1610612757,POR,123
0022101049,03/18/2022,1610612739,CLE,119,1610612743,DEN,116
0022101050,03/18/2022,1610612752,NYK,100,1610612764,WAS,97
0022101051,03/18/2022,1610612761,TOR,123,1610612747,LAL,128
0022101052,03/18/2022,1610612748,MIA,120,1610612760,OKC,108
0022101053,03/18/2022,1610612745,HOU,118,1610612754,IND,121
0022101054,03/18/2022,1610612759,SAS,91,1610612740,NOP,124
0022101055,03/18/2022,1610612762,UTA,121,1610612746,LAC,92
0022101056,03/18/2022,1610612756,PHX,129,1610612741,CHI,102
0022101057,03/18/2022,1610612758,SAC,97,1610612738,BOS,126
0022101058,03/19/2022,1610612750,MIN,138,1610612749,MIL,119
0022101059,03/19/2022,1610612766,CHA,129,1610612742,DAL,108
0022101060,03/19/2022,1610612739,CLE,113,1610612765,DET,109
0022101061,03/19/2022,1610612764,WAS,127,1610612747,LAL,119
0022101062,03/20/2022,1610612754,IND,129,1610612757,POR,98
0022101063,03/20/2022,1610612745,HOU,98,1610612763,MEM,122
0022101064,03/20/2022,1610612737,ATL,112,1610612740,NOP,117
0022101065,03/20/2022,1610612753,ORL,90,1610612760,OKC,85
0022101066,03/20/2022,1610612758,SAC,124,1610612756,PHX,127
0022101067,03/20/2022,1610612752,NYK,93,1610612762,UTA,108
0022101068,03/20/2022,1610612743,DEN,104,1610612738,BOS,124
0022101069,03/20/2022,1610612755,PHI,88,1610612761,TOR,93
0022101070,03/20/2022,1610612744,GSW,108,1610612759,SAS,110
0022101071,03/21/2022,1610612766,CHA,106,1610612740,NOP,103
0022101072,03/21/2022,1610612739,CLE,120,1610612747,LAL,131
0022101073,03/21/2022,1610612765,DET,115,1610612757,POR,119
0022101074,03/21/2022,1610612755,PHI,113,1610612748,MIA,106
0022101075,03/21/2022,1610612751,BKN,114,1610612762,UTA,106
0022101076,03/21/2022,1610612741,CHI,113,1610612761,TOR,99
0022101077,03/21/2022,1610612745,HOU,115,1610612764,WAS,97
0022101078,03/21/2022,1610612760,OKC,123,1610612738,BOS,132
0022101079,03/21/2022,1610612742,DAL,110,1610612750,MIN,108
0022101080,03/22/2022,1610612753,ORL,94,1610612744,GSW,90
0022101081,03/22/2022,1610612752,NYK,111,1610612737,ATL,117
0022101082,03/22/2022,1610612749,MIL,126,1610612741,CHI,98
0022101083,03/22/2022,1610612743,DEN,127,1610612746,LAC,115
0022101084,03/23/2022,1610612766,CHA,106,1610612752,NYK,121
0022101085,03/23/2022,1610612765,DET,122,1610612737,ATL,101
0022101086,03/23/2022,1610612754,IND,109,1610612758,SAC,110
0022101087,03/23/2022,1610612738,BOS,125,1610612762,UTA,97
0022101088,03/23/2022,1610612748,MIA,104,1610612744,GSW,118
0022101089,03/23/2022,1610612763,MEM,132,1610612751,BKN,120
0022101090,03/23/2022,1610612750,MIN,116,1610612756,PHX,125
0022101091,03/23/2022,1610612760,OKC,118,1610612753,ORL,102
0022101092,03/23/2022,1610612742,DAL,110,1610612745,HOU,91
0022101093,03/23/2022,1610612747,LAL,121,1610612755,PHI,126
0022101094,03/23/2022,1610612757,POR,96,1610612759,SAS,133
0022101095,03/24/2022,1610612761,TOR,117,1610612739,CLE,104
0022101096,03/24/2022,1610612763,MEM,133,1610612754,IND,103
0022101097,03/24/2022,1610612749,MIL,114,1610612764,WAS,102
0022101098,03/24/2022,1610612740,NOP,126,1610612741,CHI,109
0022101099,03/24/2022,1610612743,DEN,130,1610612756,PHX,140
0022101100,03/25/2022,1610612766,CHA,107,1610612762,UTA,101
0022101101,03/25/2022,1610612765,DET,97,1610612764,WAS,100
0022101102,03/25/2022,1610612737,ATL,121,1610612744,GSW,110
0022101103,03/25/2022,1610612748,MIA,103,1610612752,NYK,111
0022101104,03/25/2022,1610612750,MIN,116,1610612742,DAL,95
0022101105,03/25/2022,1610612757,POR,106,1610612745,HOU,125
0022101106,03/25/2022,1610612746,LAC,97,1610612755,PHI,122
0022101107,03/26/2022,1610612740,NOP,103,1610612759,SAS,107
0022101108,03/26/2022,1610612753,ORL,110,1610612758,SAC,114
0022101109,03/26/2022,1610612761,TOR,131,1610612754,IND,91
0022101110,03/26/2022,1610612739,CLE,94,1610612741,CHI,98
0022101111,03/26/2022,1610612748,MIA,95,1610612751,BKN,110
0022101112,03/26/2022,1610612763,MEM,127,1610612749,MIL,102
0022101113,03/26/2022,1610612743,DEN,113,1610612760,OKC,107
0022101114,03/26/2022,1610612757,POR,98,1610612745,HOU,115
0022101115,03/27/2022,1610612765,DET,102,1610612752,NYK,104
0022101116,03/27/2022,1610612738,BOS,134,1610612750,MIN,112
0022101117,03/27/2022,1610612764,WAS,123,1610612744,GSW,115
0022101118,03/27/2022,1610612756,PHX,114,1610612755,PHI,104
0022101119,03/27/2022,1610612740,NOP,116,1610612747,LAL,108
0022101120,03/27/2022,1610612751,BKN,110,1610612766,CHA,119
0022101121,03/27/2022,1610612742,DAL,114,1610612762,UTA,100
0022101122,03/28/2022,1610612766,CHA,109,1610612743,DEN,113
0022101123,03/28/2022,1610612739,CLE,107,1610612753,ORL,101
0022101124,03/28/2022,1610612754,IND,123,1610612737,ATL,132
0022101125,03/28/2022,1610612748,MIA,123,1610612758,SAC,100
0022101126,03/28/2022,1610612752,NYK,109,1610612741,CHI,104
0022101127,03/28/2022,1610612761,TOR,115,1610612738,BOS,112
0022101128,03/28/2022,1610612745,HOU,120,1610612759,SAS,123
0022101129,03/28/2022,1610612763,MEM,123,1610612744,GSW,95
0022101130,03/28/2022,1610612757,POR,131,1610612760,OKC,134
0022101131,03/29/2022,1610612755,PHI,116,1610612749,MIL,118
0022101132,03/29/2022,1610612764,WAS,94,1610612741,CHI,107
0022101133,03/29/2022,1610612751,BKN,130,1610612765,DET,123
0022101134,03/29/2022,1610612742,DAL,128,1610612747,LAL,110
0022101135,03/29/2022,1610612746,LAC,121,1610612762,UTA,115
0022101136,03/30/2022,1610612739,CLE,112,1610612742,DAL,120
0022101137,03/30/2022,1610612754,IND,118,1610612743,DEN,125
0022101138,03/30/2022,1610612764,WAS,127,1610612753,ORL,110
0022101139,03/30/2022,1610612738,BOS,98,1610612748,MIA,106
0022101140,03/30/2022,1610612752,NYK,114,1610612766,CHA,125
0022101141,03/30/2022,1610612761,TOR,125,1610612750,MIN,102
0022101142,03/30/2022,1610612745,HOU,118,1610612758,SAC,121
0022101143,03/30/2022,1610612760,OKC,118,1610612737,ATL,136
0022101144,03/30/2022,1610612759,SAS,111,1610612763,MEM,112
0022101145,03/30/2022,1610612744,GSW,103,1610612756,PHX,107
0022101146,03/30/2022,1610612757,POR,107,1610612740,NOP,117
0022101147,03/31/2022,1610612765,DET,102,1610612755,PHI,94
0022101148,03/31/2022,1610612751,BKN,119,1610612749,MIL,120
0022101149,03/31/2022,1610612741,CHI,135,1610612746,LAC,130
0022101150,03/31/2022,1610612762,UTA,122,1610612747,LAL,109
0022101151,04/01/2022,1610612753,ORL,89,1610612761,TOR,102
0022101152,04/01/2022,1610612764,WAS,135,1610612742,DAL,103
0022101153,04/01/2022,1610612738,BOS,128,1610612754,IND,123
0022101154,04/01/2022,1610612745,HOU,117,1610612758,SAC,122
0022101155,04/01/2022,1610612763,MEM,122,1610612756,PHX,114
0022101156,04/01/2022,1610612749,MIL,119,1610612746,LAC,153
0022101157,04/01/2022,1610612760,OKC,101,1610612765,DET,110
0022101158,04/01/2022,1610612759,SAS,130,1610612757,POR,111
0022101159,04/01/2022,1610612743,DEN,130,1610612750,MIN,136
0022101160,04/01/2022,1610612747,LAL,111,1610612740,NOP,114
0022101161,04/02/2022,1610612755,PHI,144,1610612766,CHA,114
0022101162,04/02/2022,1610612752,NYK,101,1610612739,CLE,119
0022101163,04/02/2022,1610612737,ATL,122,1610612751,BKN,115
0022101164,04/02/2022,1610612741,CHI,109,1610612748,MIA,127
0022101165,04/02/2022,1610612744,GSW,111,1610612762,UTA,107
0022101166,04/03/2022,1610612738,BOS,144,1610612764,WAS,102
0022101167,04/03/2022,1610612749,MIL,112,1610612742,DAL,118
0022101168,04/03/2022,1610612747,LAL,118,1610612743,DEN,129
0022101169,04/03/2022,1610612754,IND,117,1610612765,DET,121
0022101170,04/03/2022,1610612739,CLE,108,1610612755,PHI,112
0022101171,04/03/2022,1610612753,ORL,88,1610612752,NYK,118
0022101172,04/03/2022,1610612761,TOR,109,1610612748,MIA,114
0022101173,04/03/2022,1610612745,HOU,132,1610612750,MIN,139
0022101174,04/03/2022,1610612760,OKC,117,1610612756,PHX,96
0022101175,04/03/2022,1610612759,SAS,113,1610612757,POR,92
0022101176,04/03/2022,1610612758,SAC,90,1610612744,GSW,109
0022101177,04/03/2022,1610612746,LAC,119,1610612740,NOP,100
0022101178,04/05/2022,1610612754,IND,122,1610612755,PHI,131
0022101179,04/05/2022,1610612753,ORL,120,1610612739,CLE,115
0022101180,04/05/2022,1610612751,BKN,118,1610612745,HOU,105
0022101181,04/05/2022,1610612748,MIA,144,1610612766,CHA,115
0022101182,04/05/2022,1610612761,TOR,118,1610612737,ATL,108
0022101183,04/05/2022,1610612741,CHI,106,1610612749,MIL,127
0022101184,04/05/2022,1610612750,MIN,114,1610612764,WAS,132
0022101185,04/05/2022,1610612760,OKC,98,1610612757,POR,94
0022101186,04/05/2022,1610612743,DEN,97,1610612759,SAS,116
0022101187,04/05/2022,1610612762,UTA,121,1610612763,MEM,115
0022101188,04/05/2022,1610612758,SAC,109,1610612740,NOP,123
0022101189,04/05/2022,1610612756,PHX,121,1610612747,LAL,110
0022101190,04/06/2022,1610612765,DET,113,1610612742,DAL,131
0022101191,04/06/2022,1610612752,NYK,98,1610612751,BKN,110
0022101192,04/06/2022,1610612737,ATL,118,1610612764,WAS,103
0022101193,04/06/2022,1610612741,CHI,94,1610612738,BOS,117
0022101194,04/06/2022,1610612762,UTA,137,1610612760,OKC,101
0022101195,04/06/2022,1610612746,LAC,113,1610612756,PHX,109
0022101196,04/07/2022,1610612766,CHA,128,1610612753,ORL,101
0022101197,04/07/2022,1610612761,TOR,119,1610612755,PHI,114
0022101198,04/07/2022,1610612749,MIL,127,1610612738,BOS,121
0022101199,04/07/2022,1610612750,MIN,127,1610612759,SAS,121
0022101200,04/07/2022,1610612740,NOP,127,1610612757,POR,94
0022101201,04/07/2022,1610612743,DEN,122,1610612763,MEM,109
0022101202,04/07/2022,1610612744,GSW,128,1610612747,LAL,112
0022101203,04/08/2022,1610612765,DET,101,1610612749,MIL,131
0022101204,04/08/2022,1610612764,WAS,92,1610612752,NYK,114
0022101205,04/08/2022,1610612751,BKN,118,1610612739,CLE,107
0022101206,04/08/2022,1610612761,TOR,117,1610612745,HOU,115
0022101207,04/08/2022,1610612748,MIA,113,1610612737,ATL,109
0022101208,04/08/2022,1610612741,CHI,117,1610612766,CHA,133
0022101209,04/08/2022,1610612742,DAL,128,1610612757,POR,78
0022101210,04/08/2022,1610612762,UTA,105,1610612756,PHX,111
0022101211,04/08/2022,1610612747,LAL,120,1610612760,OKC,101
0022101212,04/09/2022,1610612746,LAC,117,1610612758,SAC,98
0022101213,04/09/2022,1610612763,MEM,141,1610612740,NOP,114
0022101214,04/09/2022,1610612755,PHI,133,1610612754,IND,120
0022101215,04/09/2022,1610612759,SAS,94,1610612744,GSW,100
0022101216,04/10/2022,1610612751,BKN,134,1610612754,IND,126
0022101217,04/10/2022,1610612766,CHA,124,1610612764,WAS,108
0022101218,04/10/2022,1610612739,CLE,133,1610612749,MIL,115
0022101219,04/10/2022,1610612742,DAL,130,1610612759,SAS,120
0022101220,04/10/2022,1610612743,DEN,141,1610612747,LAL,146
0022101221,04/10/2022,1610612745,HOU,114,1610612737,ATL,130
0022101222,04/10/2022,1610612746,LAC,138,1610612760,OKC,88
0022101223,04/10/2022,1610612763,MEM,110,1610612738,BOS,139
0022101224,04/10/2022,1610612750,MIN,120,1610612741,CHI,124
0022101225,04/10/2022,1610612740,NOP,107,1610612744,GSW,128
0022101226,04/10/2022,1610612752,NYK,105,1610612761,TOR,94
0022101227,04/10/2022,1610612753,ORL,125,1610612748,MIA,111
0022101228,04/10/2022,1610612755,PHI,118,1610612765,DET,106
0022101229,04/10/2022,1610612756,PHX,109,1610612758,SAC,116
0022101230,04/10/2022,1610612757,POR,80,1610612762,UTA,111
